{
    "model_version": "v2-catboost-calibrated",
    "home_shape": [
        0.03827,
        0.03666,
        0.03579,
        0.03531,
        0.03546,
        0.03582,
        0.03678,
        0.03885,
        0.04245,
        0.04343,
        0.04358,
        0.04399,
        0.04313,
        0.04377,
        0.04459,
        0.04488,
        0.04531,
        0.04578,
        0.04597,
        0.04617,
        0.04593,
        0.04469,
        0.04265,
        0.04073
    ],
    "business_shape": [
        0.01,
        0.009,
        0.009,
        0.009,
        0.01,
        0.012,
        0.023,
        0.046,
        0.078,
        0.088,
        0.09,
        0.089,
        0.086,
        0.085,
        0.087,
        0.086,
        0.079,
        0.065,
        0.046,
        0.032,
        0.021,
        0.014,
        0.013,
        0.012
    ],
    "seasonality": {
        "home_amplitude": 0.1,
        "business_amplitude": 0.15
    },
    "weekend": {
        "home_multiplier": 1.071,
        "business_multiplier": 1.0
    }
}